{
  "app": {
    "title": "Telegram Lottery"
  },
  "bot": {
    "welcome": "👋 Hello, {first_name}!\nClick the button below to try your luck and win rare Telegram gifts\n\n/terms - terms of use",
    "go_button": "Go",
    "balance_info": "Your current balance: {balance} crystal",
    "help_text": "Available commands:\n/start - Start working with the bot\n/balance - Check your balance\n/terms - Terms of use\n/help - Show this message",
    "no_permission": "You don't have permission to execute this command.",
    "restarting": "✅ Application is restarting...",
    "restart_error": "❌ An error occurred while running the script",
    "token_not_found": "❌ Bot token not found",
    "webhook_url_not_found": "❌ URL for webhook not specified and not found in environment variables",
    "not_set": "not set",
    "error_getting": "error getting",
    "current_webhook": "Current webhook: {url}",
    "webhook_success": "✅ Webhook successfully set to {url}",
    "webhook_error": "❌ Error setting webhook: {error}",
    "unknown_error": "Unknown error",
    "gift_sending_cancelled": "Gift sending cancelled.",
    "cannot_receive_own_gift": "You cannot receive your own gift!",
    "gift_already_received": "This gift has already been received by another user!",
    "gift_received_by_user": "✅ Your gift has been successfully received by {user}!",
    "error_processing_request": "An error occurred while processing the request.",
    "error_occurred": "❌ Error: {error}",
    "gift_for_you": "{emoji} I have a gift for you! Click the button below to receive it.",
    "get_gift": "Get Gift",
    "send_gift": "Send Gift",
    "send_gift_to_friend": "Send {emoji} to a friend",
    "terms_title": "Please review our application's terms of use before continuing.",
    "privacy_policy": "📄 Privacy Policy",
    "terms_of_service": "📄 Terms of Service",
    "gift_not_found": "❌ Gift not found.",
    "gift_already_received": "❌ This gift has already been received.",
    "cannot_receive_own_gift": "❌ You cannot receive your own gift.",
    "gift_info_not_found": "❌ Gift information not found.",
    "gift_confirmation": "Are you sure you want to receive this gift? It cannot be exchanged for stars.",
    "yes": "Yes",
    "no": "No",
    "gift_received_successfully": "🎉 Congratulations! You received the gift",
    "gift_receiving_cancelled": "❌ Gift receiving cancelled.",
    "error_processing_gift": "❌ Error processing gift.",
    "gift_accepted_notification": "✅ User {receiver_name} received your gift",
    "gift_declined_notification": "😔 User {receiver_name} declined your gift",
    "sender_limit_reached": "⏰ You cannot receive this gift because the sender has exceeded the gift sending limit",
    "admin_crystal_granted": "🎉 You received {amount}💎 from the administrator!"
  },
  "promo": {
    "invalid_code": "❌ Invalid promo code format",
    "user_not_found": "❌ User not found in database",
    "already_used": "❌ You have already used this promo code.\n\nSubscribe to our channel @GiftGo to be the first to know about new giveaways",
    "processing_error": "❌ Error processing promo code. Please try again later",
    "reward_received": "🎉 Congratulations! You received {amount}💎.\nPlay and win rare Telegram gifts, Premium and Stars",
    "promo_activated": "✅ Promo code activated successfully!",
    "deactivated": "❌ This promo code has been deactivated and is no longer valid",
    "limit_exceeded": "😔 The activation limit for this link has been reached.\n\nSubscribe to our channel @GiftGo to be the first to know about new giveaways"
  },
  "common": {
    "play": "Play",
    "balance": "Balance",
    "gifts": "Gifts",
    "history": "History",
    "leaderboard": "Leaders",
    "profile": "Profile",
    "awards": "Awards",
    "send": "Send",
    "sell": "Sell",
    "share": "Share",
    "back": "Back",
    "ago": "ago",
    "just_now": "just now",
    "close": "Close",
    "confirm": "Confirm",
    "cancel": "Cancel",
    "are_you_sure": "Are you sure?",
    "loading": "Loading...",
    "error": "Error",
    "success": "Success",
    "warning": "Warning",
    "info": "Information",
    "settings": "Settings",
    "language": "Language",
    "understand": "I understand",
    "bet": "Bet",
    "win": "Win",
    "lose": "Loss",
    "feature_in_development": "⚙️ Feature in development",
    "tasks": "Tasks",
    "events": "Events",
    "giveaways": "Giveaways",
    "level_short": "Lvl."
  },
  "tasks": {
    "completed": "Completed",
    "daily": "Daily Tasks",
    "weekly": "Weekly Tasks", 
    "special": "Special Tasks",
    "achievements": "Achievements",
    "progress": "Progress",
    "time_left": "Time left",
    "reward": "Reward",
    "reward_label": "Reward:",
    "steps": "Steps",
    "do_task": "Complete",
    "completed_title": "Task Completed!",
    "share_task": "Share",
    "urgent": "Urgent",
    "completed_count": "Tasks completed",
    "task_details": "Task Details",
    "task_complete": "Task completed!",
    "received_reward": "You received a reward",
    "next_reward": "Next reward",
    "expires_in": "Expires in",
    "collect": "Collect",
    "go_to_task": "Go to task",
    "no_tasks_available": "No tasks available",
    "filter": {
      "all": "All",
      "daily": "📆 Daily",
      "weekly": "🗓 Weekly",
      "special": "⭐️ Special"
    },
    "btn_do_task": "Complete",
    "btn_claim": "Claim",
    "btn_claimed": "Claimed",
    "btn_expired": "Time expired",
    "btn_not_completed": "Not completed",
    "btn_subscribe": "Subscribe",
    "btn_check": "Check",
    "checking_subscription": "Checking...",
    "subscription_required": "You need to be subscribed to the channel to get the reward",
    "default_title": "Task",
    "time_format_days": "{{days}}d {{hours}}h",
    "completed_default": "Task completed!",
    "reward_currency": "You received {{value}} {{icon}}!",
    "reward_telegram_gift": "You received a gift: {{value}}!",
    "reward_sticker_pack": "You unlocked a new sticker pack!",
    "reward_feature": "You unlocked a feature: {{value}}!",
    "reward_experience": "You received {{value}} experience!",
    "reward_temporary_bonus": "Temporary bonus activated: {{value}}!",
    "reward_content": "You unlocked new content!",
    "reward_status": "You received a new status: {{value}}!",
    "notification_play_ten_games_completed": "Task \"Play 10 games\" completed! Get your reward in the tasks section.",
    "notification_play_five_games_completed": "Task \"Play 5 games\" completed! Get your reward in the tasks section.",
    "notification_play_500_games_completed": "Task \"Play 500 games\" completed! Get your reward in the tasks section.",
    "notification_collection_completed": "Task \"Collect {{requiredCountForDisplay}} {{collectionEmoji}}\" completed! Get your reward of {{rewardValueForDisplay}} crystals in the tasks section.",
    "notification_achievement_fast_play_completed": "Congratulations! You reached level 3 and unlocked fast play function! Get your reward in the tasks section.",
    "notification_task_completed": "Task \"{{taskTitle}}\" completed! Get your reward in the tasks section.",
    "task_titles": {
      "daily_login": "🔑 Daily reward",
      "daily_play_five_games": "🎲 Play 5 games",
      "daily_play_ten_games": "🎲 Play 10 games",
      "daily_invite_friend": "👥 Invite a friend",
      "weekly_play_fifty_games": "🎲 Play 50 games",
      "weekly_play_500_games": "🎲 Play 500 games",
      "weekly_win_five_gifts": "🎁 Win 5 gifts",
      "weekly_collection": "🧩 Collect collection",
      "achievement_first_gift": "First gift",
      "achievement_fast_play": "⬆️ Reach level 3",
      "special_subscribe_main": "📣 Subscribe to channel"
    },
    "task_descriptions": {
      "daily_login": "Login to the app once a day",
      "daily_play_five_games": "Play 5 games in a day and get a reward",
      "daily_play_ten_games": "Play 10 games in a day and get a bonus reward",
      "daily_invite_friend": "Invite a friend to the app and get crystals",
      "weekly_play_fifty_games": "Play 50 games in a week and get a valuable reward",
      "weekly_play_500_games": "Play 500 games in a week and get 100 crystals",
      "weekly_win_five_gifts": "Win 5 gifts in a week",
      "weekly_collection": "Collect {{requiredCountForDisplay}} {{collectionEmoji}} and get {{rewardValueForDisplay}} crystals",
      "achievement_first_gift": "Get your first gift in GiftGo",
      "achievement_fast_play": "Reach level 3 and unlock fast play function",
      "special_subscribe_main": "Subscribe to our official channel to be the first to know about project events and community life."
    },
    "reward_values": {
      "achievement_fast_play": "⏩ Fast Play",
      "fast_play": "⏩ Fast Play"
    }
  },
  "main_page": {
    "welcome": "Welcome to GiftGo!",
    "game_description": "Get gifts, share with friends and become a leader!",
    "bet_title": "Choose your bet",
    "bet_description": "The higher the bet, the more valuable the gift!",
    "spin_button": "I'm lucky, Go!",
    "possible_win": "You can win...",
    "win_message": "Congratulations! You won a gift!",
    "lose_message": "Unfortunately, you didn't win a gift. Try again!",
    "insufficient_balance": "Insufficient funds for the bet"
  },
  "profile_page": {
    "title": "Your Profile",
    "your_gifts": "Your Gifts",
    "your_balance": "Your Balance",
    "your_history": "Your History",
    "games": "Games",
    "no_gifts": "You don't have any gifts yet",
    "no_awards": "You don't have any awards yet",
    "no_history": "History is empty",
    "history_empty": "Game history is empty",
    "add_balance": "Add Balance",
    "select_amount": "Select amount of crystals",
    "stars": "stars",
    "terms_text": "By purchasing crystal in Gift Go, you accept",
    "terms_link": "Telegram's terms",
    "no_refund": "No refunds available",
    "gift_received": "Received",
    "gift_shared": "Shared",
    "gift_sold": "Sold",
    "gift_sent": "Sent",
    "gift_value": "Value",
    "gift_type": "Type",
    "gift_rarity": "Rarity",
    "last_games": "Recent Games",
    "no_games": "You haven't played yet",
    "stats": "Statistics",
    "total_games": "Total Games",
    "total_wins": "Total Wins",
    "win_rate": "Win Rate"
  },
  "leaderboard_page": {
    "title": "Leaderboard",
    "your_position": "Your Position",
    "top_players": "Top Players",
    "by_balance": "Crystals",
    "by_games": "Games",
    "by_gifts": "Gifts",
    "player_name": "Name",
    "update_time": "Updated",
    "refresh": "Refresh",
    "loading_data": "Loading data...",
    "no_data": "No data to display",
    "place": "Place"
  },
  "auth_error_page": {
    "title": "Authentication Error",
    "message": "Failed to authenticate user. Please make sure you opened the app from Telegram.",
    "back_to_telegram": "Back to Telegram"
  },
  "gifts": {
    "win_title": "Congratulations!",
    "demo_win_title": "You won a gift!",
    "demo_description": "Demo mode is for testing gift chances.",
    "receive": "Receive",
    "get_gift": "Get Gift",
    "yes_get_it": "Yes, get it",
    "keep": "To Profile",
    "sell_for": "Sell for",
    "try_luck_again": "and try luck again",
    "sending": "⏳ Sending",
    "selling": "⏳ Selling",
    "sending_request": "⏳ Sending request",
    "disable_demo": "Disable Demo Mode",
    "exclusive_gift": "Exclusive Gift",
    "exclusive_gift_title": "Exclusive Gift",
    "exclusive_gift_manual_message": "You won an exclusive gift, such gifts are sent manually by the administrator and it may take up to 24 hours.",
    "request_sent_success": "Request successfully sent! Expect your gift within 24 hours.",
    "exclusive_description": "This is a rare and exclusive gift that you can win with a {{chance}}% chance.",
    "exclusive_tip": "To increase your chance of getting this gift, switch to higher bets.",
    "unavailable_in_demo": "Unavailable in demo mode",
    "send_title": "Send Gift",
    "send_description": "Choose a friend to send your gift to",
    "send_to_friend": "To friend",
    "send_to_self": "To myself",
    "send_to_recipient_question": "Who do you want to send this gift to?",
    "what_do_you_want_to_do": "What do you want to do with it?",
    "send_button": "Send",
    "send_to_self_warning": "Are you sure you want to send this gift to yourself?\n<small style='font-size: 0.85em; display: block; background-color: rgba(255, 193, 7, 0.1); padding: 8px; border-radius: 8px; margin: 5px 0;'>⚠️ Warning!\nYou will not be able to exchange it for stars. This is a limitation from Telegram.</small>",
    "sell_title": "Sell Gift",
    "sell_description": "Are you sure you want to sell this gift?",
    "sell_confirm": "Yes, sell",
    "sell_success": "Gift successfully sold!",
    "send_success": "Gift successfully sent!",
    "share_success": "You have successfully shared the gift!",
    "cannot_share_exclusive": "❌ Exclusive gifts cannot be shared",
    "preparing_share": "Preparing...",
    "gift_details": "Gift Details",
    "your_gift": "Your Gift",
    "gift_sold_out": "This gift has been sold out and cannot be sent",
    "username_required": "Username required",
    "username_required_explanation": "To receive an exclusive gift, you need to temporarily set a username in Telegram settings.",
    "exclusive_fragment_requirement": "Exclusive gifts are sent via Fragment, which requires a username to send.",
    "gift_types": {
      "regular": "Regular",
      "limited": "Limited",
      "upgradable": "Upgradable",
      "exclusive": "Exclusive"
    },
    "gift_rarities": {
      "common": "Common",
      "uncommon": "Uncommon",
      "rare": "Rare",
      "epic": "Epic",
      "legendary": "Legendary"
    },
    "too_fast": "Too fast, please try again in a few seconds"
  },
  "errors": {
    "server_error": "Server error. Please try again later.",
    "connection_error": "Connection error. Check your internet connection.",
    "auth_error": "Authentication error. Please log in again.",
    "insufficient_funds": "Insufficient funds to complete the operation.",
    "gift_not_found": "Gift not found.",
    "user_not_found": "User not found.",
    "try_again": "Try again",
    "reload_page": "Reload page",
    "error_prefix": "Error: ",
    "failed_to_get_user_id": "Failed to get user ID",
    "failed_to_send_request": "Failed to send request",
    "request_error": "An error occurred while sending the request",
    "failed_to_send_gift": "Failed to send gift",
    "gift_send_error": "An error occurred while sending the gift",
    "failed_to_sell_gift": "Failed to sell gift",
    "gift_sell_error": "An error occurred while selling the gift",
    "daily_limit_reached": "You've reached the gift sending limit. Please try again in {{resetTime}}."
  },
  "payment": {
    "insufficient_funds": "You are missing {{amount}} crystal. Add balance?",
    "checkout": "Checkout",
    "payment_success": "Payment successful!",
    "payment_failed": "Payment failed",
    "payment_cancelled": "Payment cancelled",
    "add_amount": "Add {{amount}}",
    "crystals": "crystals",
    "missing": "missing",
    "invoice_creation_error": "Error creating invoice",
    "verification_error": "Error verifying payment",
    "verification_network_error": "Network error while verifying payment",
    "general_error": "An error occurred processing the payment",
    "confirm_sell_gift": "Are you sure you want to sell this gift for {{amount}} crystal?",
    "sell_success": "Gift successfully sold! Your balance has been increased by {{amount}} crystal.",
    "balance_added": "Balance successfully added: {{amount}} crystal",
    "gift_sold": "Gift was successfully sold for {{amount}} crystal"
  },
  "share": {
    "inline_title": "🎁 {gift_name}",
    "inline_description": "Click to receive the gift",
    "inline_message": "🎁 I have a gift for you!\nClick the button below to receive it",
    "inline_button": "Get Gift"
  },
  "events": {
    "title": "Events",
    "section_in_development": "This section is under development",
    "coming_soon": "We will delight you with interesting events very soon"
  },
  "giveaways": {
    "title": "Giveaways",
    "section_in_development": "This section is under development",
    "coming_soon": "We will delight you with interesting giveaways very soon"
  },
  "maintenance": {
    "title": "Under Maintenance",
    "status": "We'll be back soon!",
    "description": "If you see this message for too long, please contact support",
    "support_button": "Support",
    "language_toggle": "Русский"
  },
  "referrals": {
    "title": "Referral Program",
    "your_link": "Your referral link",
    "copy_link": "Copy Link",
    "invite_friend": "Invite Friend",
    "invite_friends": "Invite Friends",
    "friends_tab": "Friends",
    "gifts_tab": "Gifts",
    "invited_count": "Invited:",
    "earned_amount": "Earned:",
    "invite_and_earn": "Invite friends and earn",
    "percent_from_deposits": "5% from their deposits",

    "reward_earned": "Reward earned: {amount} crystals",
    "link_copied": "Link copied to clipboard",
    "invite_message": "Join me in Gift Go and test your luck!",
    "share_link": "Share Link",
    "share_to_stories": "Share to Telegram Stories",
    "share_to_chat": "Send to chat, channel or friend",
    "copy_link_option": "Copy Link",
    "no_referrals": "You don't have any referrals yet",
    "history_title": "Earnings History",
    "loading": "Loading...",
    "period_all": "All time",
    "period_week": "Week", 
    "period_month": "Month",
    "period_today": "Today",
    "user_name": "User Name"
  }
} 