{
  "app": {
    "title": "Телеграм Лотерея"
  },
  "common": {
    "play": "Играть",
    "balance": "Баланс",
    "gifts": "Подарки",
    "history": "История",
    "leaderboard": "Лидеры",
    "profile": "Профиль",
    "awards": "Награды",
    "send": "Отправить",
    "sell": "Продать",
    "share": "Поделиться",
    "back": "Назад",
    "ago": "назад",
    "just_now": "только что",
    "close": "Закрыть",
    "confirm": "Подтвердить",
    "cancel": "Отмена",
    "are_you_sure": "Вы уверены?",
    "loading": "Загрузка...",
    "error": "Ошибка",
    "success": "Успешно",
    "warning": "Предупреждение",
    "info": "Информация",
    "settings": "Настройки",
    "language": "Язык",
    "understand": "Понятно",
    "bet": "Ставка",
    "win": "Выигрыш",
    "lose": "Проигрыш",
    "feature_in_development": "⚙️ Функция в разработке",
    "tasks": "Задания",
    "events": "События",
    "giveaways": "Розыгрыши",
    "level_short": "Ур."
  },
  "tasks": {
    "completed": "Выполнено",
    "daily": "Ежедневные задания",
    "weekly": "Еженедельные задания", 
    "special": "Особые задания",
    "achievements": "Достижения",
    "progress": "Прогресс",
    "time_left": "Осталось времени",
    "reward": "Награда",
    "reward_label": "Награда:",
    "steps": "Шаги",
    "do_task": "Выполнить",
    "completed_title": "Задание выполнено!",
    "share_task": "Поделиться",
    "urgent": "Срочно",
    "completed_count": "Выполнено заданий",
    "task_details": "Детали задания",
    "task_complete": "Задание выполнено!",
    "received_reward": "Вы получили награду",
    "next_reward": "Следующая награда",
    "expires_in": "Истекает через",
    "collect": "Собрать",
    "go_to_task": "Перейти к заданию",
    "no_tasks_available": "Нет доступных заданий",
    "filter": {
      "all": "Все",
      "daily": "📆 Ежедневные",
      "weekly": "🗓 Недельные",
      "special": "⭐️ Особые"
    },
    "btn_do_task": "Выполнить",
    "btn_claim": "Получить",
    "btn_claimed": "Получено",
    "btn_expired": "Время истекло",
    "btn_not_completed": "Не выполнено",
    "btn_subscribe": "Подписаться",
    "btn_check": "Проверить",
    "checking_subscription": "Проверка...",
    "subscription_required": "Для получения награды необходимо быть подписанным на канал",
    "default_title": "Задание",
    "time_format_days": "{{days}}д {{hours}}ч",
    "completed_default": "Задание выполнено!",
    "reward_currency": "Вы получили {{value}} {{icon}}!",
    "reward_telegram_gift": "Вы получили подарок: {{value}}!",
    "reward_sticker_pack": "Вы разблокировали новый набор стикеров!",
    "reward_feature": "Вы разблокировали функцию: {{value}}!",
    "reward_experience": "Вы получили {{value}} опыта!",
    "reward_temporary_bonus": "Активирован временный бонус: {{value}}!",
    "reward_content": "Вы разблокировали новый контент!",
    "reward_status": "Вы получили новый статус: {{value}}!",
    "notification_play_ten_games_completed": "Задание \"Провести 10 игр\" выполнено! Получите награду в разделе заданий.",
    "notification_play_five_games_completed": "Задание \"Провести 5 игр\" выполнено! Получите награду в разделе заданий.",
    "notification_play_500_games_completed": "Задание \"Провести 500 игр\" выполнено! Получите награду в разделе заданий.",
    "notification_collection_completed": "Задание \"Собери коллекцию из {{requiredCountForDisplay}} {{collectionEmoji}}\" выполнено! Получите награду {{rewardValueForDisplay}} кристаллов в разделе заданий.",
    "notification_achievement_fast_play_completed": "Поздравляем! Вы достигли 3 уровня и разблокировали функцию быстрой игры! Получите награду в разделе заданий.",
    "notification_task_completed": "Задание \"{{taskTitle}}\" выполнено! Получите награду в разделе заданий.",
    "task_titles": {
      "daily_login": "🔑 Ежедневный вход",
      "daily_play_five_games": "🎲 Сыграть 5 раз",
      "daily_play_ten_games": "🎲 Сыграть 10 раз",
      "daily_invite_friend": "👥 Пригласить друга",
      "weekly_play_fifty_games": "🎲 Сыграть 50 раз",
      "weekly_play_500_games": "🎲 Сыграть 500 раз",
      "weekly_win_five_gifts": "🎁 Выиграть 5 подарков",
      "weekly_collection": "🧩 Собери коллекцию",
      "achievement_first_gift": "Первый подарок",
      "achievement_fast_play": "⬆️ Достигни ур. 3",
      "special_subscribe_main": "📣 Подписаться на канал"
    },
    "task_descriptions": {
      "daily_login": "Войдите в приложение 1 раз за день",
      "daily_play_five_games": "Проведите 5 игр за день и получите награду",
      "daily_play_ten_games": "Проведите 10 игр за день и получите бонусную награду",
      "daily_invite_friend": "Пригласите друга в приложение и получите кристаллы",
      "weekly_play_fifty_games": "Проведите 50 игр за неделю и получите ценную награду",
      "weekly_play_500_games": "Проведите 500 игр за неделю и получите 100 кристаллов",
      "weekly_win_five_gifts": "Выиграйте 5 подарков за неделю",
      "weekly_collection": "Соберите коллекцию из {{requiredCountForDisplay}} {{collectionEmoji}} и получите {{rewardValueForDisplay}} кристаллов",
      "achievement_first_gift": "Получите свой первый подарок в GiftGo",
      "achievement_fast_play": "Достигни третьего уровня и разблокируй функцию быстрой игры.",
      "special_subscribe_main": "Подписывайтесь на наш официальный канал чтобы в числе первых узнавать о событиях проекта и жизни комьюнити."
    },
    "reward_values": {
      "achievement_fast_play": "⏩ Быстрая игра",
      "fast_play": "⏩ Быстрая игра"
    }
  },
  "main_page": {
    "welcome": "Добро пожаловать в GiftGo!",
    "game_description": "Получайте подарки, делитесь с друзьями и станьте лидером!",
    "bet_title": "Выберите ставку",
    "bet_description": "Чем больше ставка, тем ценнее подарок!",
    "spin_button": "Мне повезёт, Go!",
    "possible_win": "Вы можете выиграть...",
    "win_message": "Поздравляем! Вы выиграли подарок!",
    "lose_message": "К сожалению, вы не выиграли подарок. Попробуйте еще раз!",
    "insufficient_balance": "Недостаточно средств для ставки"
  },
  "profile_page": {
    "title": "Ваш профиль",
    "your_gifts": "Ваши подарки",
    "your_balance": "Ваш баланс",
    "your_history": "Ваша история",
    "games": "Игр",
    "no_gifts": "У вас пока нет подарков",
    "no_awards": "У вас еще нет наград",
    "no_history": "История пуста",
    "history_empty": "История игр пуста",
    "add_balance": "Пополнить баланс",
    "select_amount": "Выберите количество кристаллов",
    "stars": "звезд",
    "terms_text": "Приобретая кристаллы crystal в Gift Go, вы принимаете",
    "terms_link": "условия Telegram",
    "no_refund": "Возврат не доступен",
    "gift_received": "Получен",
    "gift_shared": "Поделился",
    "gift_sold": "Продан",
    "gift_sent": "Отправлен",
    "gift_value": "Ценность",
    "gift_type": "Тип",
    "gift_rarity": "Редкость",
    "last_games": "Последние игры",
    "no_games": "Вы еще не играли",
    "stats": "Статистика",
    "total_games": "Всего игр",
    "total_wins": "Всего побед",
    "win_rate": "Процент побед"
  },
  "leaderboard_page": {
    "title": "Таблица лидеров",
    "your_position": "Ваша позиция",
    "top_players": "Лучшие игроки",
    "by_balance": "Баланс",
    "by_games": "Игры",
    "by_gifts": "Подарки",
    "player_name": "Имя",
    "update_time": "Обновлено",
    "refresh": "Обновить",
    "loading_data": "Загрузка данных...",
    "no_data": "Нет данных для отображения",
    "place": "Место"
  },
  "auth_error_page": {
    "title": "Ошибка авторизации",
    "message": "Не удалось авторизовать пользователя. Пожалуйста, убедитесь, что вы открыли приложение из Telegram.",
    "back_to_telegram": "Вернуться в Telegram"
  },
  "gifts": {
    "win_title": "Поздравляем!",
    "demo_win_title": "Вы выиграли подарок!",
    "demo_description": "Демо-режим для тестирования шансов подарков.",
    "receive": "Получить",
    "get_gift": "Получить подарок",
    "yes_get_it": "Да, получить",
    "keep": "В профиль",
    "sell_for": "Продать за",
    "try_luck_again": "и испытать удачу снова",
    "sending": "⏳ Отправка",
    "selling": "⏳ Продажа",
    "sending_request": "⏳ Отправка заявки",
    "disable_demo": "Отключить Демо-режим",
    "exclusive_gift": "Эксклюзивный подарок",
    "exclusive_gift_title": "Эксклюзивный подарок",
    "exclusive_gift_manual_message": "Вы выиграли эксклюзивный подарок, такие подарки отправляются администратором вручную и это может занять до 24 часов.",
    "request_sent_success": "Заявка успешно отправлена! Ожидайте ваш подарок в течение 24 часов.",
    "exclusive_description": "Это редкий и эксклюзивный подарок, который вы можете выиграть с шансом {{chance}}%.",
    "exclusive_tip": "Чтобы повысить шанс получения этого подарка, переключитесь на более высокие ставки.",
    "unavailable_in_demo": "Недоступно в демо-режиме",
    "send_title": "Отправить подарок",
    "send_description": "Выберите друга, которому хотите отправить подарок",
    "send_to_friend": "Другу",
    "send_to_self": "Себе",
    "send_to_recipient_question": "Кому хотите отправить этот подарок?",
    "what_do_you_want_to_do": "Что вы хотите с ним сделать?",
    "send_button": "Отправить",
    "send_to_self_warning": "Вы уверены, что хотите отправить этот подарок себе?\n<small style='font-size: 0.85em; display: block; background-color: rgba(255, 193, 7, 0.1); padding: 8px; border-radius: 8px; margin: 5px 0;'>⚠️ Внимание!\nВы не сможете обменять его на звезды. Это ограничение со стороны Telegram.</small>",
    "sell_title": "Продать подарок",
    "sell_description": "Вы действительно хотите продать этот подарок?",
    "sell_confirm": "Да, продать",
    "sell_success": "Подарок успешно продан!",
    "send_success": "Подарок успешно отправлен!",
    "share_success": "Вы успешно поделились подарком!",
    "cannot_share_exclusive": "❌ Эксклюзивными подарками нельзя делиться",
    "preparing_share": "Подготовка...",
    "gift_details": "Детали подарка",
    "your_gift": "Ваш подарок",
    "gift_sold_out": "Этот подарок был распродан и не может быть отправлен",
    "username_required": "Требуется username",
    "username_required_explanation": "Для получения эксклюзивного подарка необходимо временно установить username в настройках Telegram.",
    "exclusive_fragment_requirement": "Эксклюзивные подарки отправляются через Fragment, который требует наличие username для отправки.",
    "gift_types": {
      "regular": "Обычный",
      "limited": "Ограниченный",
      "upgradable": "Улучшаемый",
      "exclusive": "Эксклюзивный"
    },
    "gift_rarities": {
      "common": "Обычный",
      "uncommon": "Необычный",
      "rare": "Редкий",
      "epic": "Эпический",
      "legendary": "Легендарный"
    },
    "too_fast": "Слишком быстро, попробуйте через пару секунд"
  },
  "errors": {
    "server_error": "Ошибка сервера. Пожалуйста, попробуйте позже.",
    "connection_error": "Ошибка соединения. Проверьте ваше интернет-соединение.",
    "auth_error": "Ошибка авторизации. Пожалуйста, авторизуйтесь снова.",
    "insufficient_funds": "Недостаточно средств для выполнения операции.",
    "gift_not_found": "Подарок не найден.",
    "user_not_found": "Пользователь не найден.",
    "try_again": "Попробуйте еще раз",
    "reload_page": "Перезагрузить страницу",
    "error_prefix": "Ошибка: ",
    "failed_to_get_user_id": "Не удалось получить ID пользователя",
    "failed_to_send_request": "Не удалось отправить заявку",
    "request_error": "Произошла ошибка при отправке заявки",
    "failed_to_send_gift": "Не удалось отправить подарок",
    "gift_send_error": "Произошла ошибка при отправке подарка",
    "failed_to_sell_gift": "Не удалось продать подарок",
    "gift_sell_error": "Произошла ошибка при продаже подарка",
    "daily_limit_reached": "Вы достигли лимита отправки подарков. Попробуйте через {{resetTime}}."
  },
  "payment": {
    "insufficient_funds": "Вам не хватает {{amount}} crystal. Пополнить баланс?",
    "checkout": "Оформление заказа",
    "payment_success": "Оплата успешна!",
    "payment_failed": "Ошибка оплаты",
    "payment_cancelled": "Оплата отменена",
    "add_amount": "Пополнить на {{amount}}",
    "crystals": "кристаллов",
    "missing": "не хватает",
    "verification_error": "Ошибка при проверке платежа",
    "verification_network_error": "Ошибка сети при проверке платежа",
    "invoice_creation_error": "Ошибка создания счета",
    "general_error": "Ошибка при пополнении баланса",
    "confirm_sell_gift": "Вы действительно хотите продать этот подарок за {{amount}} crystal?",
    "sell_success": "Подарок успешно продан! Ваш баланс увеличен на {{amount}} crystal.",
    "balance_added": "Баланс успешно пополнен: {{amount}} crystal",
    "gift_sold": "Подарок успешно продан за {{amount}} crystal"
  },
  "bot": {
    "welcome": "👋 Привет, {first_name}!\nНажми на кнопку ниже, чтобы испытать удачу и выиграть редкие подарки Telegram\n\n/terms - условия использования",
    "go_button": "Go",
    "balance_info": "Твой текущий баланс: {balance} crystal",
    "help_text": "Доступные команды:\n/start - Начать работу с ботом\n/balance - Проверить баланс\n/terms - Условия использования\n/help - Показать это сообщение",
    "no_permission": "У вас нет прав для выполнения этой команды.",
    "restarting": "✅ Приложение перезапускается...",
    "restart_error": "❌ Произошла ошибка при запуске скрипта",
    "token_not_found": "❌ Токен бота не найден",
    "webhook_url_not_found": "❌ URL для webhook не указан и не найден в переменных окружения",
    "not_set": "не установлен",
    "error_getting": "ошибка получения",
    "current_webhook": "Текущий webhook: {url}",
    "webhook_success": "✅ Webhook успешно установлен на {url}",
    "webhook_error": "❌ Ошибка при установке webhook: {error}",
    "unknown_error": "Неизвестная ошибка",
    "gift_sending_cancelled": "Отправка подарка отменена.",
    "cannot_receive_own_gift": "Вы не можете получить свой собственный подарок!",
    "gift_already_received": "Этот подарок уже был получен другим пользователем!",
    "gift_received_by_user": "✅ Ваш подарок был успешно получен пользователем {user}!",
    "error_processing_request": "Произошла ошибка при обработке запроса.",
    "error_occurred": "❌ Ошибка: {error}",
    "gift_for_you": "{emoji} У меня для вас подарок! Нажмите кнопку ниже, чтобы получить его.",
    "get_gift": "Получить подарок",
    "send_gift": "Отправить подарок",
    "send_gift_to_friend": "Отправить {emoji} другу",
    "terms_title": "Ознакомьтесь с условиями использвания нашего приложения прежде чем продолжить.",
    "privacy_policy": "📄 Политика конфиденциальности",
    "terms_of_service": "📄 Условия использования",
    "gift_not_found": "❌ Подарок не найден.",
    "gift_already_received": "❌ Этот подарок уже получен.",
    "cannot_receive_own_gift": "❌ Фух, вы только что чуть не получили подарок который предназначался другу.",
    "gift_info_not_found": "❌ Информация о подарке не найдена.",
    "gift_confirmation": "Вы уверены, что хотите получить этот подарок? Его нельзя будет обменять на звезды.",
    "yes": "Да",
    "no": "Нет",
    "gift_received_successfully": "🎉 Поздравляем! Вы получили подарок",
    "gift_receiving_cancelled": "❌ Получение подарка отменено.",
    "error_processing_gift": "❌ Ошибка при обработке подарка.",
    "gift_accepted_notification": "✅ Пользователь {receiver_name} получил ваш подарок",
    "gift_declined_notification": "😔 Пользователь {receiver_name} отказался от вашего подарка.",
    "sender_limit_reached": "⏰ Вы не можете получить этот подарок, так как отправитель превысил лимит отправки подарков",
    "admin_crystal_granted": "🎉 Вы получили {amount}💎 от администратора!"
  },
  "promo": {
    "invalid_code": "❌ Неверный формат промо-кода",
    "user_not_found": "❌ Пользователь не найден в базе данных",
    "already_used": "❌ Вы уже использовали этот промо-код.\n\nПодписывайтесь на наш канал @GiftGo чтобы первыми узнавать о новых раздачах",
    "processing_error": "❌ Ошибка обработки промо-кода. Попробуйте позже",
    "reward_received": "🎉 Поздравляем! Вы получили {amount}💎.\nИграйте и выигрывайте редкие Telegram подарки, Premium и Stars",
    "promo_activated": "✅ Промо-код успешно активирован!",
    "deactivated": "❌ Этот промо-код деактивирован и больше не действует",
    "limit_exceeded": "😔 Лимит активаций по этой ссылке исчерпан.\n\nПодписывайтесь на наш канал @GiftGo чтобы первыми узнавать о новых раздачах"
  },
  "share": {
    "inline_title": "🎁 {gift_name}",
    "inline_description": "Нажмите, чтобы получить подарок",
    "inline_message": "🎁 У меня для вас подарок!\nНажмите кнопку ниже, чтобы получить его",
    "inline_button": "Получить подарок"
  },
  "events": {
    "title": "События",
    "section_in_development": "Этот раздел в разработке",
    "coming_soon": "Совсем скоро мы будем радовать вас интересными событиями"
  },
  "giveaways": {
    "title": "Розыгрыши",
    "section_in_development": "Этот раздел в разработке",
    "coming_soon": "Совсем скоро мы будем радовать вас интересными розыгрышами"
  },
  "maintenance": {
    "title": "Техническое обслуживание",
    "status": "Мы скоро вернёмся!",
    "description": "Если вы видите это сообщение слишком долго, обратитесь в поддержку",
    "support_button": "Поддержка",
    "language_toggle": "English"
  },
  "referrals": {
    "title": "Реферальная программа",
    "your_link": "Ваша реферальная ссылка",
    "copy_link": "Скопировать ссылку",
    "invite_friend": "Пригласить друга",
    "invite_friends": "Пригласить друзей",
    "friends_tab": "Друзья",
    "gifts_tab": "Подарки",
    "invited_count": "Приглашено:",
    "earned_amount": "Заработано:",
    "invite_and_earn": "Приглашай друзей и зарабатывай",
    "percent_from_deposits": "5% от их депозитов",

    "reward_earned": "Получена награда: {amount} кристаллов",
    "link_copied": "Ссылка скопирована в буфер обмена",
    "invite_message": "Присоединяйся ко мне в Gift Go и испытай свою удачу!",
    "share_link": "Поделиться ссылкой",
    "share_to_stories": "Выложить в Telegram Stories",
    "share_to_chat": "Отправить в чат, канал или другу",
    "copy_link_option": "Скопировать ссылку",
    "no_referrals": "У вас пока нет рефералов",
    "history_title": "История зачислений",
    "loading": "Загрузка...",
    "period_all": "Все время",
    "period_week": "Неделя", 
    "period_month": "Месяц",
    "period_today": "Сегодня",
    "user_name": "Имя пользователя"
  }
} 